{"1": 1774737633.611611, "2": 1774737136.2635856, "3": 1774733616.1037889, "4": 1774733673.6159778, "5": 1774733655.9142525}